[
    {
        "id": 1,
        "category": "jacket",
        "name": "Blue Bomber - Turtleneck",
        "price": "350.00",
        "size": "SMALL",
        "image": "https://aheioqhobo.cloudimg.io/v7/_playground-bucket-v2.teleporthq.io_/1e9f0276-52a5-4270-bcd4-1ce4cbc19522/31133843-8b09-427b-a3ed-e4023b000d08?org_if_sml=185473&amp;force_format=original"
    },
    {
        "id": 2,
        "category": "jacket",
        "name": "Green Bomber - Turtleneck",
        "price": "350.00",
        "size": "SMALL",
        "image": "https://aheioqhobo.cloudimg.io/v7/_playground-bucket-v2.teleporthq.io_/1e9f0276-52a5-4270-bcd4-1ce4cbc19522/338236de-8574-4c77-b4c5-c46eaade34d5?org_if_sml=186627&amp;force_format=original"
    },
    {
        "id": 3,
        "category": "jacket",
        "name": "Black Bomber - Turtleneck",
        "price": "350.00",
        "size": "SMALL",
        "image": "https://aheioqhobo.cloudimg.io/v7/_playground-bucket-v2.teleporthq.io_/1e9f0276-52a5-4270-bcd4-1ce4cbc19522/c8043374-48eb-4f45-9631-1210cc367c47?org_if_sml=179452&amp;force_format=original"
    },
    {
        "id": 4,
        "category": "umbrella",
        "name": "Leaf Design Eagle's Umbrella",
        "price": "250.00",
        "size": "",
        "image": "https://aheioqhobo.cloudimg.io/v7/_playground-bucket-v2.teleporthq.io_/1e9f0276-52a5-4270-bcd4-1ce4cbc19522/c9c548eb-8e33-4c36-a236-129d42806c5c?org_if_sml=180035&amp;force_format=original"
    },
    {
        "id": 5,
        "category": "caps",
        "name": "Royal Blue Eagle's Cap",
        "price": "250.00",
        "size": "",
        "image": "https://aheioqhobo.cloudimg.io/v7/_playground-bucket-v2.teleporthq.io_/1e9f0276-52a5-4270-bcd4-1ce4cbc19522/c77768eb-a9ac-424c-ac26-5b8b45ac6369?org_if_sml=166569&amp;force_format=original"
    },
    {
        "id": 6,
        "category": "caps",
        "name": "Black Eagle's Cap",
        "price": "250.00",
        "size": "",
        "image": "https://aheioqhobo.cloudimg.io/v7/_playground-bucket-v2.teleporthq.io_/1e9f0276-52a5-4270-bcd4-1ce4cbc19522/2395db57-b372-4252-aa3f-5039bfdfe3b5?org_if_sml=162639&amp;force_format=original"
    },
    {
        "id": 7,
        "category": "caps",
        "name": "Black Gold Eagle's Cap",
        "price": "250.00",
        "size": "",
        "image": "https://aheioqhobo.cloudimg.io/v7/_playground-bucket-v2.teleporthq.io_/1e9f0276-52a5-4270-bcd4-1ce4cbc19522/90134af0-8479-4aed-bf7a-4e639494a52e?org_if_sml=162927&amp;force_format=original"
    },
    {
        "id": 8,
        "category": "caps",
        "name": "Bundle 3 Eagle's Caps",
        "price": "700.00",
        "size": "",
        "image": "https://aheioqhobo.cloudimg.io/v7/_playground-bucket-v2.teleporthq.io_/1e9f0276-52a5-4270-bcd4-1ce4cbc19522/2ad8e5d8-3cff-461d-9612-5a583e2631f8?org_if_sml=181357&amp;force_format=original"
    }
]